Código,Región,Nombre comuna,Número de personas según proyecciones de población (*),Número de personas en situación de pobreza por ingresos (**),Porcentaje de personas en situación de pobreza por ingresos 2022,Límite inferior (***),Límite superior,Presencia de la comuna en la muestra Casen,Tipo de estimación SAE (****)
1101,Tarapacá,Iquique,229674.0,18122.0,0.07890380841254656,0.06490288337885841,0.0929047334462347,Sí,Directa y Sintética (Fay-Herriot)
1107,Tarapacá,Alto Hospicio,138527.0,21144.0,0.1526343951969381,0.1373972482743207,0.1678715421195554,Sí,Directa y Sintética (Fay-Herriot)
1401,Tarapacá,Pozo Almonte,18290.0,2805.0,0.1533439714492286,0.1155957665172323,0.191092176381225,Sí,Directa y Sintética (Fay-Herriot)
1402,Tarapacá,Camiña,1380.0,332.0,0.2403646850427617,0.1613356061638178,0.3193937639217056,Sí,Sintética
1403,Tarapacá,Colchane,1575.0,350.0,0.222535219863316,0.1473985390249558,0.2976719007016763,Sí,Sintética
1404,Tarapacá,Huara,3072.0,555.0,0.1806587194051391,0.1328884113452651,0.2284290274650132,Sí,Directa y Sintética (Fay-Herriot)
1405,Tarapacá,Pica,6184.0,664.0,0.1073139711951238,0.06901734860922859,0.1456105937810189,Sí,Directa y Sintética (Fay-Herriot)
2101,Antofagasta,Antofagasta,438942.0,31748.0,0.07232800117803247,0.0575137347566364,0.08714226759942853,Sí,Directa y Sintética (Fay-Herriot)
2102,Antofagasta,Mejillones,15502.0,1107.0,0.07139740441053531,0.02361627246235982,0.1191785363587108,Sí,Sintética
2103,Antofagasta,Sierra Gorda,1790.0,38.0,0.02106018445872439,0.0,0.05400818561046043,Sí,Sintética
2104,Antofagasta,Taltal,13892.0,1595.0,0.1148022160931823,0.07091958850758522,0.1586848436787793,Sí,Directa y Sintética (Fay-Herriot)
2201,Antofagasta,Calama,194772.0,15861.0,0.08143143364954893,0.06260678436029575,0.1002560829388021,Sí,Directa y Sintética (Fay-Herriot)
2202,Antofagasta,Ollagüe,277.0,24.0,0.08721221547732894,0.01064017280689068,0.1637842581477672,No,Sintética
2203,Antofagasta,San Pedro De Atacama,10862.0,529.0,0.04873007866767889,0.02416158309551403,0.07329857423984375,Sí,Directa y Sintética (Fay-Herriot)
2301,Antofagasta,Tocopilla,28296.0,2951.0,0.1042763665480032,0.06634597290186289,0.1422067601941435,Sí,Directa y Sintética (Fay-Herriot)
2302,Antofagasta,María Elena,6647.0,369.0,0.05551379624560721,0.0,0.1195448046153366,Sí,Sintética
3101,Atacama,Copiapó,174693.0,12635.0,0.07232720034645454,0.06013647624009284,0.08451792445281625,Sí,Directa y Sintética (Fay-Herriot)
3102,Atacama,Caldera,19782.0,813.0,0.04111121416646405,0.01627929088312305,0.06594313744980505,Sí,Directa y Sintética (Fay-Herriot)
3103,Atacama,Tierra Amarilla,14407.0,990.0,0.06874896010670549,0.04264420866697707,0.0948537115464339,Sí,Directa y Sintética (Fay-Herriot)
3201,Atacama,Chañaral,13094.0,1501.0,0.1146199488480459,0.08515811152642969,0.1440817861696621,Sí,Directa y Sintética (Fay-Herriot)
3202,Atacama,Diego De Almagro,14082.0,800.0,0.05680425565407982,0.03363879853415188,0.07996971277400775,Sí,Directa y Sintética (Fay-Herriot)
3301,Atacama,Vallenar,57266.0,6143.0,0.1072782589700814,0.08833124101994491,0.1262252769202178,Sí,Directa y Sintética (Fay-Herriot)
3302,Atacama,Alto Del Carmen,5763.0,868.0,0.1506112891152991,0.08682154458983893,0.2144010336407592,Sí,Sintética
3303,Atacama,Freirina,7790.0,1043.0,0.1338693829029102,0.09098509928436943,0.176753666521451,Sí,Directa y Sintética (Fay-Herriot)
3304,Atacama,Huasco,11485.0,1306.0,0.1137412786295817,0.08258567297541919,0.1448968842837442,Sí,Directa y Sintética (Fay-Herriot)
4101,Coquimbo,La Serena,260599.0,15450.0,0.05928800605494077,0.04032018481557768,0.07825582729430386,Sí,Directa y Sintética (Fay-Herriot)
4102,Coquimbo,Coquimbo,268325.0,18956.0,0.07064430845317174,0.04782936576226912,0.09345925114407436,Sí,Directa y Sintética (Fay-Herriot)
4103,Coquimbo,Andacollo,11819.0,1235.0,0.1045025470539818,0.05047802994245102,0.1585270641655125,Sí,Sintética
4104,Coquimbo,La Higuera,4508.0,485.0,0.1074879738365082,0.04775947642203733,0.167216471250979,Sí,Sintética
4105,Coquimbo,Paiguano,4695.0,389.0,0.08291957569137363,0.01857984664661025,0.147259304736137,Sí,Sintética
4106,Coquimbo,Vicuña,30247.0,3301.0,0.1091485858372039,0.03894312574414806,0.1793540459302597,Sí,Sintética
4201,Coquimbo,Illapel,32965.0,2655.0,0.08052492714721493,0.03804154576276418,0.1230083085316657,Sí,Directa y Sintética (Fay-Herriot)
4202,Coquimbo,Canela,9535.0,1555.0,0.1631210174806921,0.1000160187249092,0.2262260162364751,Sí,Sintética
4203,Coquimbo,Los Vilos,24015.0,2030.0,0.08452426527605875,0.04289515998441207,0.1261533705677054,Sí,Directa y Sintética (Fay-Herriot)
4204,Coquimbo,Salamanca,29631.0,2699.0,0.09107566551334263,0.0463435328578527,0.1358077981688326,Sí,Directa y Sintética (Fay-Herriot)
4301,Coquimbo,Ovalle,123252.0,11719.0,0.09508512477369883,0.0648883816591513,0.1252818678882464,Sí,Directa y Sintética (Fay-Herriot)
4302,Coquimbo,Combarbalá,13884.0,1527.0,0.1099473813298209,0.05288735452671151,0.1670074081329304,Sí,Sintética
4303,Coquimbo,Monte Patria,32649.0,4169.0,0.127703937398395,0.0773581074164494,0.1780497673803406,Sí,Directa y Sintética (Fay-Herriot)
4304,Coquimbo,Punitaqui,12396.0,1793.0,0.1446494802443967,0.09539201276026514,0.1939069477285283,Sí,Directa y Sintética (Fay-Herriot)
4305,Coquimbo,Río Hurtado,4327.0,336.0,0.07767953788425436,0.02117700049758815,0.1341820752709206,Sí,Sintética
5101,Valparaíso,Valparaíso,318916.0,23524.0,0.0737638728625354,0.05728020224977533,0.09024754347529546,Sí,Directa y Sintética (Fay-Herriot)
5102,Valparaíso,Casablanca,30028.0,2468.0,0.08220609441285881,0.04085056184673084,0.1235616269789868,Sí,Sintética
5103,Valparaíso,Concón,47320.0,1286.0,0.02717759424605647,0.006608382298674432,0.04774680619343852,Sí,Directa y Sintética (Fay-Herriot)
5104,Valparaíso,Juan Fernández,1081.0,27.0,0.02468741376426857,0.0,0.05649367497268101,No,Sintética
5105,Valparaíso,Puchuncaví,20785.0,685.0,0.032935928149776,9.852659073395637e-05,0.06577332970881805,Sí,Sintética
5107,Valparaíso,Quintero,37691.0,2911.0,0.07722161790161494,0.04333430211788411,0.1111089336853458,Sí,Directa y Sintética (Fay-Herriot)
5109,Valparaíso,Viña Del Mar,367792.0,23824.0,0.06477586261320568,0.05021998618913614,0.07933173903727522,Sí,Directa y Sintética (Fay-Herriot)
5201,Valparaíso,Isla De Pascua,8656.0,470.0,0.05428690418611916,0.0122588425258553,0.09631496584638302,No,Sintética
5301,Valparaíso,Los Andes,68637.0,5579.0,0.0812767492126049,0.05330856229228254,0.1092449361329273,Sí,Directa y Sintética (Fay-Herriot)
5302,Valparaíso,Calle Larga,17225.0,1205.0,0.06996361770481122,0.02726003172174456,0.1126672036878779,Sí,Sintética
5303,Valparaíso,Rinconada,11739.0,953.0,0.08114642811420583,0.04981309042800197,0.1124797658004097,Sí,Directa y Sintética (Fay-Herriot)
5304,Valparaíso,San Esteban,21340.0,1808.0,0.08472797179083451,0.03992745354114592,0.1295284900405231,Sí,Sintética
5401,Valparaíso,La Ligua,38178.0,3121.0,0.0817521029546143,0.04315756387858199,0.1203466420306466,Sí,Directa y Sintética (Fay-Herriot)
5402,Valparaíso,Cabildo,20747.0,1853.0,0.089311136082706,0.05120575598052653,0.1274165161848854,Sí,Directa y Sintética (Fay-Herriot)
5403,Valparaíso,Papudo,6357.0,461.0,0.07253834912471409,0.03068154754790338,0.1143951507015248,Sí,Sintética
5404,Valparaíso,Petorca,10606.0,481.0,0.04537729044804171,0.0,0.09219904660037373,Sí,Sintética
5405,Valparaíso,Zapallar,8234.0,355.0,0.04306437608327314,0.02356423073951546,0.06256452142703081,Sí,Directa y Sintética (Fay-Herriot)
5501,Valparaíso,Quillota,99694.0,5282.0,0.05297922431878745,0.02629017598105831,0.07966827265651659,Sí,Directa y Sintética (Fay-Herriot)
5502,Valparaíso,Calera,53820.0,3817.0,0.07091313623489373,0.04202400140385032,0.09980227106593714,Sí,Directa y Sintética (Fay-Herriot)
5503,Valparaíso,Hijuelas,19342.0,1757.0,0.09084773723802529,0.05224880989667868,0.1294466645793719,Sí,Directa y Sintética (Fay-Herriot)
5504,Valparaíso,La Cruz,26916.0,854.0,0.03173284322544457,0.009524397684138416,0.05394128876675072,Sí,Directa y Sintética (Fay-Herriot)
5506,Valparaíso,Nogales,23603.0,1313.0,0.05562038074395192,0.008004656527356421,0.1032361049605474,Sí,Sintética
5601,Valparaíso,San Antonio,97919.0,6493.0,0.06631099529915913,0.03767822289407891,0.09494376770423935,Sí,Directa y Sintética (Fay-Herriot)
5602,Valparaíso,Algarrobo,15724.0,953.0,0.06063867952141082,0.03171937574877912,0.08955798329404252,Sí,Directa y Sintética (Fay-Herriot)
5603,Valparaíso,Cartagena,26416.0,1961.0,0.0742176240862708,0.0384539936977536,0.109981254474788,Sí,Directa y Sintética (Fay-Herriot)
5604,Valparaíso,El Quisco,18432.0,1651.0,0.08955603465692674,0.04854230128662518,0.1305697680272283,Sí,Directa y Sintética (Fay-Herriot)
5605,Valparaíso,El Tabo,14888.0,493.0,0.03309025582593765,0.005162496143078864,0.06101801550879644,Sí,Directa y Sintética (Fay-Herriot)
5606,Valparaíso,Santo Domingo,12364.0,739.0,0.05978177660742861,0.02153911519307496,0.09802443802178226,Sí,Sintética
5701,Valparaíso,San Felipe,85576.0,6007.0,0.07020009159942014,0.04363950867693044,0.09676067452190985,Sí,Directa y Sintética (Fay-Herriot)
5702,Valparaíso,Catemu,15528.0,1870.0,0.1204219901044855,0.07258409646075405,0.168259883748217,Sí,Directa y Sintética (Fay-Herriot)
5703,Valparaíso,Llaillay,27021.0,2482.0,0.09185904888894914,0.0505937787885305,0.1331243189893678,Sí,Directa y Sintética (Fay-Herriot)
5704,Valparaíso,Panquehue,7762.0,737.0,0.09489930883376847,0.05549468149254421,0.1343039361749927,Sí,Directa y Sintética (Fay-Herriot)
5705,Valparaíso,Putaendo,17884.0,1793.0,0.10026670029428,0.05078066133911004,0.14975273924945,Sí,Sintética
5706,Valparaíso,Santa María,16746.0,1490.0,0.08900295579648335,0.05108955103539601,0.1269163605575707,Sí,Directa y Sintética (Fay-Herriot)
5801,Valparaíso,Quilpué,171137.0,9494.0,0.05547451853066231,0.03623030812174348,0.07471872893958113,Sí,Directa y Sintética (Fay-Herriot)
5802,Valparaíso,Limache,51006.0,3508.0,0.0687725825529546,0.03710383736070731,0.1004413277452019,Sí,Directa y Sintética (Fay-Herriot)
5803,Valparaíso,Olmué,19878.0,1490.0,0.07496697583142214,0.04110909386656742,0.1088248577962769,Sí,Directa y Sintética (Fay-Herriot)
5804,Valparaíso,Villa Alemana,144303.0,6411.0,0.04442612322411763,0.02206137000027653,0.06679087644795874,Sí,Directa y Sintética (Fay-Herriot)
6101, O'Higgins,Rancagua,270994.0,17158.0,0.06331478989682579,0.04982878763330584,0.07680079216034574,Sí,Directa y Sintética (Fay-Herriot)
6102, O'Higgins,Codegua,14424.0,800.0,0.05548542612595471,0.01756098986606811,0.09340986238584131,Sí,Sintética
6103, O'Higgins,Coinco,7957.0,782.0,0.09821882569477522,0.05709593312920379,0.1393417182603466,Sí,Directa y Sintética (Fay-Herriot)
6104, O'Higgins,Coltauco,21816.0,2186.0,0.1002123568807099,0.0480802947216418,0.152344419039778,Sí,Sintética
6105, O'Higgins,Doñihue,23288.0,2110.0,0.09061546751777677,0.05576819150695216,0.1254627435286014,Sí,Directa y Sintética (Fay-Herriot)
6106, O'Higgins,Graneros,37562.0,1980.0,0.05272534982380029,0.0256488153866445,0.07980188426095608,Sí,Directa y Sintética (Fay-Herriot)
6107, O'Higgins,Las Cabras,27350.0,2072.0,0.07577006188229371,0.03752785033825236,0.1140122734263351,Sí,Directa y Sintética (Fay-Herriot)
6108, O'Higgins,Machalí,62947.0,1915.0,0.03042403007836555,0.01033395350378445,0.05051410665294664,Sí,Directa y Sintética (Fay-Herriot)
6109, O'Higgins,Malloa,14257.0,1396.0,0.09792245885499484,0.0479530072830021,0.1478919104269876,Sí,Sintética
6110, O'Higgins,Mostazal,28147.0,2059.0,0.0731439871895892,0.04065955598270433,0.1056284183964741,Sí,Directa y Sintética (Fay-Herriot)
6111, O'Higgins,Olivar,14869.0,1184.0,0.07963365547352402,0.04265092202337759,0.1166163889236705,Sí,Directa y Sintética (Fay-Herriot)
6112, O'Higgins,Peumo,15001.0,1158.0,0.07718469751227644,0.0444438388145414,0.1099255562100115,Sí,Directa y Sintética (Fay-Herriot)
6113, O'Higgins,Pichidegua,20969.0,2290.0,0.1092073031580498,0.06380134883478177,0.1546132574813179,Sí,Directa y Sintética (Fay-Herriot)
6114, O'Higgins,Quinta De Tilcoco,14134.0,1277.0,0.09036315425912916,0.04139411274234476,0.1393321957759136,Sí,Sintética
6115, O'Higgins,Rengo,65037.0,3534.0,0.05433068555487434,0.02900899821950213,0.07965237289024656,Sí,Directa y Sintética (Fay-Herriot)
6116, O'Higgins,Requínoa,31219.0,930.0,0.02979123229974102,0.005673943661597403,0.05390852093788463,Sí,Directa y Sintética (Fay-Herriot)
6117, O'Higgins,San Vicente,51677.0,4754.0,0.09198570254079973,0.05544372935125415,0.1285276757303453,Sí,Directa y Sintética (Fay-Herriot)
6201, O'Higgins,Pichilemu,18463.0,1269.0,0.06872415195130183,0.03299913598525818,0.1044491679173455,Sí,Directa y Sintética (Fay-Herriot)
6202, O'Higgins,La Estrella,3105.0,302.0,0.09728368546986366,0.04255317367480543,0.1520141972649219,Sí,Sintética
6203, O'Higgins,Litueche,6886.0,645.0,0.09372233190652567,0.04460083216599698,0.1428438316470544,Sí,Sintética
6204, O'Higgins,Marchihue,7684.0,703.0,0.09152807931565488,0.04200118385030527,0.1410549747810045,Sí,Sintética
6205, O'Higgins,Navidad,7050.0,868.0,0.1231394137656237,0.07707220373209231,0.169206623799155,Sí,Directa y Sintética (Fay-Herriot)
6206, O'Higgins,Paredones,6298.0,941.0,0.1493725761650852,0.08499296696379688,0.2137521853663735,Sí,Sintética
6301, O'Higgins,San Fernando,80197.0,5460.0,0.06808443290566933,0.04324543346101679,0.09292343235032187,Sí,Directa y Sintética (Fay-Herriot)
6302, O'Higgins,Chépica,16080.0,1426.0,0.08865056438840242,0.04371293743979553,0.1335881913370093,Sí,Directa y Sintética (Fay-Herriot)
6303, O'Higgins,Chimbarongo,38164.0,3254.0,0.08525440862625479,0.04873233068291179,0.1217764865695978,Sí,Directa y Sintética (Fay-Herriot)
6304, O'Higgins,Lolol,7396.0,848.0,0.1145996711178917,0.05721428968332282,0.1719850525524605,Sí,Sintética
6305, O'Higgins,Nancagua,19498.0,1738.0,0.08911187203227197,0.05401064510512136,0.1242130989594226,Sí,Directa y Sintética (Fay-Herriot)
6306, O'Higgins,Palmilla,13484.0,1095.0,0.08119808758839814,0.04164782822404778,0.1207483469527485,Sí,Directa y Sintética (Fay-Herriot)
6307, O'Higgins,Peralillo,12061.0,866.0,0.07181502243009433,0.0276663740217122,0.1159636708384765,Sí,Sintética
6308, O'Higgins,Placilla,9244.0,887.0,0.09593949771363816,0.04191242133387801,0.1499665740933983,Sí,Sintética
6309, O'Higgins,Pumanque,3523.0,436.0,0.1236410123484773,0.0656882112993892,0.1815938133975653,Sí,Sintética
6310, O'Higgins,Santa Cruz,42033.0,2817.0,0.06701959379957936,0.0359260666160202,0.09811312098313853,Sí,Directa y Sintética (Fay-Herriot)
7101,Maule,Talca,240239.0,13759.0,0.05727019677776846,0.04165687755027964,0.07288351600525728,Sí,Directa y Sintética (Fay-Herriot)
7102,Maule,Constitución,50536.0,5463.0,0.1081072542788957,0.07324391599485108,0.1429705925629403,Sí,Directa y Sintética (Fay-Herriot)
7103,Maule,Curepto,9255.0,1305.0,0.1409961701302721,0.08545458644956458,0.1965377538109797,Sí,Directa y Sintética (Fay-Herriot)
7104,Maule,Empedrado,4195.0,528.0,0.1258615159951405,0.06951626231903016,0.1822067696712508,Sí,Sintética
7105,Maule,Maule,65590.0,5951.0,0.09072496036521659,0.0561326066160823,0.1253173141143509,Sí,Directa y Sintética (Fay-Herriot)
7106,Maule,Pelarco,9289.0,1094.0,0.1177984450149211,0.0666143371094145,0.1689825529204276,Sí,Sintética
7107,Maule,Pencahue,8622.0,1008.0,0.1168547056300677,0.06446680591740428,0.1692426053427311,Sí,Sintética
7108,Maule,Río Claro,14984.0,1409.0,0.0940344211187788,0.04203465829836723,0.1460341839391904,Sí,Sintética
7109,Maule,San Clemente,47340.0,4984.0,0.1052914243377955,0.06711221813090507,0.1434706305446859,Sí,Directa y Sintética (Fay-Herriot)
7110,Maule,San Rafael,10231.0,1152.0,0.1126402723092326,0.0666465941662227,0.1586339504522424,Sí,Directa y Sintética (Fay-Herriot)
7201,Maule,Cauquenes,44334.0,5130.0,0.1157221024864185,0.07718489924303479,0.1542593057298022,Sí,Directa y Sintética (Fay-Herriot)
7202,Maule,Chanco,9287.0,1329.0,0.1431555836782915,0.09553573094902312,0.1907754364075599,Sí,Directa y Sintética (Fay-Herriot)
7203,Maule,Pelluhue,8311.0,1063.0,0.1278868865740387,0.07588425154712145,0.179889521600956,Sí,Directa y Sintética (Fay-Herriot)
7301,Maule,Curicó,168469.0,12254.0,0.07273449639652813,0.0520500956113106,0.09341889718174565,Sí,Directa y Sintética (Fay-Herriot)
7302,Maule,Hualañé,10231.0,942.0,0.09209534067128783,0.04109252703344079,0.1430981543091349,Sí,Sintética
7303,Maule,Licantén,6994.0,514.0,0.07352908912802301,0.02610768714835025,0.1209504911076958,Sí,Sintética
7304,Maule,Molina,51200.0,4030.0,0.07871885879024679,0.04357186907911285,0.1138658485013807,Sí,Directa y Sintética (Fay-Herriot)
7305,Maule,Rauco,11557.0,1210.0,0.1046940775833883,0.05357330095730965,0.1558148542094669,Sí,Sintética
7306,Maule,Romeral,16637.0,1273.0,0.07650278340054337,0.03418486284735406,0.1188207039537327,Sí,Sintética
7307,Maule,Sagrada Familia,19651.0,1722.0,0.08760605644640407,0.04046853768977472,0.1347435752030334,Sí,Sintética
7308,Maule,Teno,31493.0,2374.0,0.0753906417667139,0.03558844434552545,0.1151928391879024,Sí,Directa y Sintética (Fay-Herriot)
7309,Maule,Vichuquén,4348.0,379.0,0.08721674240505135,0.03578613285293274,0.13864735195717,Sí,Sintética
7401,Maule,Linares,102909.0,9117.0,0.08859195521691694,0.06215739685832535,0.1150265135755085,Sí,Directa y Sintética (Fay-Herriot)
7402,Maule,Colbún,23140.0,2733.0,0.1181205973029969,0.07284535714512617,0.1633958374608677,Sí,Directa y Sintética (Fay-Herriot)
7403,Maule,Longaví,33333.0,3870.0,0.1161055510284763,0.06867929786993629,0.1635318041870163,Sí,Directa y Sintética (Fay-Herriot)
7404,Maule,Parral,45211.0,4194.0,0.09277406472763614,0.0586620203653295,0.1268861090899428,Sí,Directa y Sintética (Fay-Herriot)
7405,Maule,Retiro,21331.0,2599.0,0.1218370057800926,0.07499970817714252,0.1686743033830427,Sí,Directa y Sintética (Fay-Herriot)
7406,Maule,San Javier,50703.0,4921.0,0.09705000274390138,0.05791159710042549,0.1361884083873773,Sí,Directa y Sintética (Fay-Herriot)
7407,Maule,Villa Alegre,17835.0,1743.0,0.09774061287489391,0.04758490476838383,0.147896320981404,Sí,Sintética
7408,Maule,Yerbas Buenas,19576.0,2265.0,0.1156975900531806,0.07058890833544573,0.1608062717709155,Sí,Directa y Sintética (Fay-Herriot)
8101,Biobío,Concepción,239074.0,12926.0,0.05406677251173651,0.03934960989383889,0.06878393512963414,Sí,Directa y Sintética (Fay-Herriot)
8102,Biobío,Coronel,127830.0,8025.0,0.06277480748510066,0.03991798612992158,0.08563162884027972,Sí,Directa y Sintética (Fay-Herriot)
8103,Biobío,Chiguayante,91687.0,5236.0,0.05710676982139559,0.03256531920472641,0.08164822043806477,Sí,Directa y Sintética (Fay-Herriot)
8104,Biobío,Florida,11869.0,1279.0,0.1077854627772424,0.06072883908157788,0.1548420864729069,Sí,Directa y Sintética (Fay-Herriot)
8105,Biobío,Hualqui,26558.0,2746.0,0.1033807937198529,0.06488665351994996,0.1418749339197559,Sí,Directa y Sintética (Fay-Herriot)
8106,Biobío,Lota,45553.0,3834.0,0.08415915034083185,0.05064345607654097,0.1176748446051227,Sí,Directa y Sintética (Fay-Herriot)
8107,Biobío,Penco,50090.0,3032.0,0.06053313693193336,0.03236075322371516,0.08870552064015155,Sí,Directa y Sintética (Fay-Herriot)
8108,Biobío,San Pedro De La Paz,150780.0,8172.0,0.05419591293707465,0.03528391685845134,0.07310790901569796,Sí,Directa y Sintética (Fay-Herriot)
8109,Biobío,Santa Juana,14855.0,1902.0,0.1280438568771017,0.07486971138460086,0.1812180023696024,Sí,Sintética
8110,Biobío,Talcahuano,158184.0,8040.0,0.0508274311371509,0.03089196743629725,0.07076289483800455,Sí,Directa y Sintética (Fay-Herriot)
8111,Biobío,Tomé,58999.0,4706.0,0.07976940720072444,0.05119282255226336,0.1083459918491855,Sí,Directa y Sintética (Fay-Herriot)
8112,Biobío,Hualpén,97776.0,3144.0,0.03215565444671543,0.009351657529875716,0.05495965136355516,Sí,Directa y Sintética (Fay-Herriot)
8201,Biobío,Lebu,27138.0,2856.0,0.1052461122573942,0.0653336883724541,0.1451585361423343,Sí,Directa y Sintética (Fay-Herriot)
8202,Biobío,Arauco,38861.0,3574.0,0.09196337778997375,0.05274461773247197,0.1311821378474755,Sí,Directa y Sintética (Fay-Herriot)
8203,Biobío,Cañete,37296.0,4950.0,0.1327324636700346,0.08525872135515339,0.1802062059849159,Sí,Directa y Sintética (Fay-Herriot)
8204,Biobío,Contulmo,6354.0,781.0,0.1229370962304697,0.07783385902340915,0.1680403334375302,Sí,Directa y Sintética (Fay-Herriot)
8205,Biobío,Curanilahue,33936.0,2879.0,0.08483693561802849,0.04705576150842185,0.1226181097276351,Sí,Directa y Sintética (Fay-Herriot)
8206,Biobío,Los Álamos,22801.0,2532.0,0.1110636110482628,0.06804448008921177,0.1540827420073138,Sí,Directa y Sintética (Fay-Herriot)
8207,Biobío,Tirúa,11078.0,2225.0,0.2008124298944406,0.148323044590407,0.2533018151984742,Sí,Directa y Sintética (Fay-Herriot)
8301,Biobío,Los Ángeles,221851.0,18753.0,0.08453032224259051,0.06307609244131056,0.1059845520438705,Sí,Directa y Sintética (Fay-Herriot)
8302,Biobío,Antuco,4318.0,624.0,0.1445153956231243,0.08831283532855876,0.2007179559176898,Sí,Sintética
8303,Biobío,Cabrero,30973.0,3206.0,0.1035195465766158,0.06209429129300163,0.1449448018602299,Sí,Directa y Sintética (Fay-Herriot)
8304,Biobío,Laja,23909.0,2693.0,0.1126259380668065,0.06849416399755652,0.1567577121360565,Sí,Directa y Sintética (Fay-Herriot)
8305,Biobío,Mulchén,31099.0,3782.0,0.1216238491587788,0.07488276016839568,0.168364938149162,Sí,Directa y Sintética (Fay-Herriot)
8306,Biobío,Nacimiento,28003.0,3073.0,0.109726027871444,0.0647232688633718,0.1547287868795161,Sí,Directa y Sintética (Fay-Herriot)
8307,Biobío,Negrete,10527.0,1047.0,0.09945547522983768,0.05161355865719523,0.1472973918024801,Sí,Sintética
8308,Biobío,Quilaco,4182.0,545.0,0.1302699543346095,0.07064961157338392,0.1898902970958351,Sí,Sintética
8309,Biobío,Quilleco,10006.0,1349.0,0.1348236293186302,0.07547762647884637,0.194169632158414,Sí,Sintética
8310,Biobío,San Rosendo,3569.0,392.0,0.1097114228804065,0.05740073153752299,0.16202211422329,Sí,Sintética
8311,Biobío,Santa Bárbara,14648.0,2159.0,0.1474064808854524,0.1008769983588821,0.1939359634120226,Sí,Directa y Sintética (Fay-Herriot)
8312,Biobío,Tucapel,15340.0,1680.0,0.1095376758567159,0.06960075877074508,0.1494745929426868,Sí,Directa y Sintética (Fay-Herriot)
8313,Biobío,Yumbel,22180.0,2786.0,0.1255900304518519,0.07711934613172057,0.1740607147719833,Sí,Directa y Sintética (Fay-Herriot)
8314,Biobío,Alto Biobío,6784.0,1500.0,0.2211119832696153,0.1649575959693683,0.2772663705698623,Sí,Directa y Sintética (Fay-Herriot)
9101,La Araucanía,Temuco,307099.0,26372.0,0.08587311346858956,0.06982136054962226,0.1019248663875569,Sí,Directa y Sintética (Fay-Herriot)
9102,La Araucanía,Carahue,25516.0,4571.0,0.1791262112929498,0.1226242091059754,0.2356282134799242,Sí,Directa y Sintética (Fay-Herriot)
9103,La Araucanía,Cunco,18059.0,2674.0,0.1480947838943408,0.1013924642179636,0.1947971035707179,Sí,Directa y Sintética (Fay-Herriot)
9104,La Araucanía,Curarrehue,7842.0,1193.0,0.1521925567262996,0.1050172819821224,0.1993678314704768,Sí,Directa y Sintética (Fay-Herriot)
9105,La Araucanía,Freire,25479.0,3672.0,0.1441236436286287,0.09927604867605086,0.1889712385812066,Sí,Directa y Sintética (Fay-Herriot)
9106,La Araucanía,Galvarino,12594.0,2111.0,0.1675842073730385,0.1089143409680895,0.2262540737779875,Sí,Directa y Sintética (Fay-Herriot)
9107,La Araucanía,Gorbea,15089.0,1925.0,0.12754527656974,0.08081258447133097,0.1742779686681491,Sí,Directa y Sintética (Fay-Herriot)
9108,La Araucanía,Lautaro,41460.0,3654.0,0.08813353056098992,0.05160237856763168,0.1246646825543482,Sí,Directa y Sintética (Fay-Herriot)
9109,La Araucanía,Loncoche,24780.0,3042.0,0.1227706099754267,0.07512205261540426,0.1704191673354491,Sí,Directa y Sintética (Fay-Herriot)
9110,La Araucanía,Melipeuco,6299.0,987.0,0.1566905777888791,0.1075860382194656,0.2057951173582926,Sí,Directa y Sintética (Fay-Herriot)
9111,La Araucanía,Nueva Imperial,34018.0,4364.0,0.1282838681912552,0.0839100707997666,0.1726576655827439,Sí,Directa y Sintética (Fay-Herriot)
9112,La Araucanía,Padre Las Casas,84144.0,10688.0,0.1270210990427323,0.0946588166378568,0.1593833814476078,Sí,Directa y Sintética (Fay-Herriot)
9113,La Araucanía,Perquenco,7259.0,1027.0,0.1414140149910871,0.08447818270664004,0.1983498472755342,Sí,Sintética
9114,La Araucanía,Pitrufquén,26418.0,2820.0,0.1067562143921306,0.06688226138876563,0.1466301673954956,Sí,Directa y Sintética (Fay-Herriot)
9115,La Araucanía,Pucón,30373.0,2477.0,0.08156309193863791,0.0489437666060273,0.1141824172712485,Sí,Directa y Sintética (Fay-Herriot)
9116,La Araucanía,Saavedra,12717.0,3087.0,0.2427790507363581,0.1910868102485796,0.2944712912241365,Sí,Directa y Sintética (Fay-Herriot)
9117,La Araucanía,Teodoro Schmidt,15767.0,3143.0,0.1993382101295594,0.1455936503914618,0.2530827698676571,Sí,Directa y Sintética (Fay-Herriot)
9118,La Araucanía,Toltén,9981.0,1676.0,0.1678913118682342,0.1081563860231304,0.2276262377133381,Sí,Sintética
9119,La Araucanía,Vilcún,31949.0,3742.0,0.1171375768691899,0.07291899811146801,0.1613561556269118,Sí,Directa y Sintética (Fay-Herriot)
9120,La Araucanía,Villarrica,60093.0,4612.0,0.07674309015865927,0.04849708893325918,0.1049890913840593,Sí,Directa y Sintética (Fay-Herriot)
9121,La Araucanía,Cholchol,12539.0,2469.0,0.1968788132237581,0.1431638618260788,0.2505937646214373,Sí,Directa y Sintética (Fay-Herriot)
9201,La Araucanía,Angol,56542.0,5104.0,0.09026620950091796,0.05724477856695159,0.1232876404348843,Sí,Directa y Sintética (Fay-Herriot)
9202,La Araucanía,Collipulli,26414.0,3470.0,0.1313837175107866,0.08531794113730161,0.1774494938842715,Sí,Directa y Sintética (Fay-Herriot)
9203,La Araucanía,Curacautín,18217.0,1991.0,0.1092938122360393,0.0673187800410801,0.1512688444309984,Sí,Directa y Sintética (Fay-Herriot)
9204,La Araucanía,Ercilla,8422.0,1503.0,0.1784881441824691,0.133746715863671,0.2232295725012671,Sí,Directa y Sintética (Fay-Herriot)
9205,La Araucanía,Lonquimay,11091.0,2036.0,0.1836051616650008,0.1214714928475056,0.245738830482496,Sí,Directa y Sintética (Fay-Herriot)
9206,La Araucanía,Los Sauces,7494.0,1301.0,0.1735602636652928,0.1243836627381119,0.2227368645924736,Sí,Directa y Sintética (Fay-Herriot)
9207,La Araucanía,Lumaco,9959.0,2138.0,0.2146869468141867,0.1561634963686915,0.273210397259682,Sí,Directa y Sintética (Fay-Herriot)
9208,La Araucanía,Purén,12136.0,1571.0,0.1294895634365,0.08301652989693019,0.1759625969760698,Sí,Directa y Sintética (Fay-Herriot)
9209,La Araucanía,Renaico,10939.0,1365.0,0.1247576527893416,0.07199153473627493,0.1775237708424082,Sí,Sintética
9210,La Araucanía,Traiguén,19278.0,2727.0,0.1414555179852079,0.09368053332929183,0.189230502641124,Sí,Directa y Sintética (Fay-Herriot)
9211,La Araucanía,Victoria,35534.0,5099.0,0.1434975133541408,0.1048031680048244,0.1821918587034571,Sí,Directa y Sintética (Fay-Herriot)
10101,Los Lagos,Puerto Montt,276525.0,17963.0,0.06496075205539688,0.05284901333834533,0.07707249077244843,Sí,Directa y Sintética (Fay-Herriot)
10102,Los Lagos,Calbuco,37293.0,3174.0,0.08510298443700641,0.04666509456226878,0.123540874311744,Sí,Directa y Sintética (Fay-Herriot)
10103,Los Lagos,Cochamó,3972.0,429.0,0.1079937247332228,0.05333522720534381,0.1626522222611018,No,Sintética
10104,Los Lagos,Fresia,12606.0,1413.0,0.1120609040367706,0.06732195369125205,0.1567998543822892,Sí,Directa y Sintética (Fay-Herriot)
10105,Los Lagos,Frutillar,20589.0,1202.0,0.05836224763555845,0.02766502644024352,0.08905946883087339,Sí,Directa y Sintética (Fay-Herriot)
10106,Los Lagos,Los Muermos,17826.0,2076.0,0.116458852845239,0.06924086073394989,0.1636768449565281,Sí,Directa y Sintética (Fay-Herriot)
10107,Los Lagos,Llanquihue,18775.0,1111.0,0.05916948740219628,0.01746046424060775,0.1008785105637848,Sí,Sintética
10108,Los Lagos,Maullín,14796.0,1879.0,0.1269646823510594,0.0792348984400296,0.1746944662620891,Sí,Directa y Sintética (Fay-Herriot)
10109,Los Lagos,Puerto Varas,50272.0,1063.0,0.02114984096160757,0.003532061420959923,0.03876762050225523,Sí,Directa y Sintética (Fay-Herriot)
10201,Los Lagos,Castro,48336.0,1559.0,0.03226115623962791,0.008504816274630733,0.05601749620462509,Sí,Directa y Sintética (Fay-Herriot)
10202,Los Lagos,Ancud,42489.0,2348.0,0.05525791917356562,0.0281490282384851,0.08236681010864613,Sí,Directa y Sintética (Fay-Herriot)
10203,Los Lagos,Chonchi,16180.0,1501.0,0.09279663915861067,0.04434443560967679,0.1412488427075445,Sí,Sintética
10204,Los Lagos,Curaco De Vélez,4109.0,388.0,0.09454132406176127,0.0444096044099477,0.1446730437135748,Sí,Sintética
10205,Los Lagos,Dalcahue,15316.0,1432.0,0.09349236410441326,0.04370593166141622,0.1432787965474103,Sí,Sintética
10206,Los Lagos,Puqueldón,4192.0,744.0,0.177582537963943,0.1227504484095183,0.2324146275183678,Sí,Directa y Sintética (Fay-Herriot)
10207,Los Lagos,Queilén,5544.0,680.0,0.1225810557964359,0.06866483636381153,0.1764972752290603,Sí,Sintética
10208,Los Lagos,Quellón,29791.0,2685.0,0.09011758946437072,0.05350445211796125,0.1267307268107802,Sí,Directa y Sintética (Fay-Herriot)
10209,Los Lagos,Quemchi,8764.0,1085.0,0.1237815143860561,0.07341320407957592,0.1741498246925363,Sí,Directa y Sintética (Fay-Herriot)
10210,Los Lagos,Quinchao,8223.0,1023.0,0.1243995669858368,0.07573539799803591,0.1730637359736376,Sí,Directa y Sintética (Fay-Herriot)
10301,Los Lagos,Osorno,175275.0,10799.0,0.06161340893619202,0.04224888259423078,0.08097793527815325,Sí,Directa y Sintética (Fay-Herriot)
10302,Los Lagos,Puerto Octay,9108.0,686.0,0.0752986706991756,0.02992024378891709,0.1206770976094341,Sí,Sintética
10303,Los Lagos,Purranque,21006.0,1804.0,0.08589213148773951,0.04912307289466823,0.1226611900808108,Sí,Directa y Sintética (Fay-Herriot)
10304,Los Lagos,Puyehue,11806.0,1129.0,0.09566143393676237,0.0465385663296471,0.1447843015438776,Sí,Sintética
10305,Los Lagos,Río Negro,14160.0,1177.0,0.08309811343413728,0.0330018740593433,0.1331943528089313,Sí,Sintética
10306,Los Lagos,San Juan De La Costa,7521.0,967.0,0.1285194389222041,0.08111565783781083,0.1759232200065973,Sí,Directa y Sintética (Fay-Herriot)
10307,Los Lagos,San Pablo,10546.0,1036.0,0.09825033302033162,0.05730126418389535,0.1391994018567679,Sí,Directa y Sintética (Fay-Herriot)
10401,Los Lagos,Chaitén,5052.0,452.0,0.08950986712718918,0.03835242582558416,0.1406673084287942,No,Sintética
10402,Los Lagos,Futaleufú,2872.0,161.0,0.05599040419100522,0.01195583706526606,0.1000249713167444,No,Sintética
10403,Los Lagos,Hualaihué,9556.0,990.0,0.1035540993190805,0.05002970386992459,0.1570784947682365,No,Sintética
10404,Los Lagos,Palena,1821.0,166.0,0.09120230295373533,0.04232957814637565,0.140075027761095,No,Sintética
11101,Aysén,Coyhaique,61766.0,1781.0,0.02883525854633565,0.02083166167097903,0.03683885542169227,Sí,Directa y Sintética (Fay-Herriot)
11102,Aysén,Lago Verde,913.0,8.0,0.008747026712438896,0.0,0.03557941692713222,Sí,Sintética
11201,Aysén,Aysén,25100.0,1325.0,0.05279856301700174,0.0373685011257815,0.06822862490822199,Sí,Directa y Sintética (Fay-Herriot)
11202,Aysén,Cisnes,5862.0,290.0,0.04951588699475602,0.006519194831252441,0.09251257915825958,Sí,Sintética
11203,Aysén,Guaitecas,1606.0,97.0,0.06050256021365802,0.01066588268595407,0.110339237741362,No,Sintética
11301,Aysén,Cochrane,3722.0,236.0,0.06328163927296156,0.01614081329061677,0.1104224652553063,Sí,Sintética
11302,Aysén,O’higgins,672.0,62.0,0.09157446235094517,0.001554405287811783,0.1815945194140786,No,Sintética
11303,Aysén,Tortel,574.0,26.0,0.04592469714109936,0.0,0.09336785093060075,Sí,Sintética
11401,Aysén,Chile Chico,5143.0,319.0,0.06202078241138624,0.009592250712347428,0.1144493141104251,Sí,Sintética
11402,Aysén,Río Ibáñez,2705.0,189.0,0.06984797922222956,0.01795456533682601,0.1217413931076331,Sí,Sintética
12101,Magallanes,Punta Arenas,144415.0,5055.0,0.03500057934797781,0.02799449609344783,0.04200666260250779,Sí,Directa y Sintética (Fay-Herriot)
12102,Magallanes,Laguna Blanca,257.0,6.0,0.02250673905537242,0.0,0.06862948957272061,Sí,Sintética
12103,Magallanes,Río Verde,207.0,6.0,0.02818903550709916,0.0,0.07259592167405732,Sí,Sintética
12104,Magallanes,San Gregorio,662.0,53.0,0.08059834822323776,0.008991409257623262,0.1522052871888523,Sí,Sintética
12201,Magallanes,Cabo De Hornos,1977.0,23.0,0.01186221304315507,0.0,0.03566263392065866,Sí,Sintética
12301,Magallanes,Porvenir,7528.0,273.0,0.03627486931911551,0.01731485840923465,0.05523488022899638,Sí,Directa y Sintética (Fay-Herriot)
12302,Magallanes,Primavera,684.0,9.0,0.01296169787156448,0.0,0.03435617590942012,Sí,Sintética
12303,Magallanes,Timaukel,265.0,17.0,0.06433886185884925,0.01455147718698641,0.1141262465307121,Sí,Sintética
12401,Magallanes,Natales,24339.0,755.0,0.03103493984765365,0.01600101154601625,0.04606886814929105,Sí,Directa y Sintética (Fay-Herriot)
12402,Magallanes,Torres Del Paine,1057.0,56.0,0.05271174535144489,0.005624668193631832,0.09979882250925795,Sí,Sintética
13101,Metropolitana,Santiago,530538.0,20504.0,0.03864781172163236,0.01845423742523857,0.05884138601802615,Sí,Directa y Sintética (Fay-Herriot)
13102,Metropolitana,Cerrillos,89907.0,4701.0,0.05228701117757076,0.02071465968862034,0.08385936266652116,Sí,Directa y Sintética (Fay-Herriot)
13103,Metropolitana,Cerro Navia,141122.0,8486.0,0.06013533802509001,0.02625186828402971,0.0940188077661503,Sí,Directa y Sintética (Fay-Herriot)
13104,Metropolitana,Conchalí,138230.0,8404.0,0.06079947209369204,0.02777361655171998,0.0938253276356641,Sí,Directa y Sintética (Fay-Herriot)
13105,Metropolitana,El Bosque,170902.0,10593.0,0.06198237259124578,0.03180279411435781,0.09216195106813374,Sí,Directa y Sintética (Fay-Herriot)
13106,Metropolitana,Estación Central,218525.0,11019.0,0.05042396159541926,0.02142729878101082,0.0794206244098277,Sí,Directa y Sintética (Fay-Herriot)
13107,Metropolitana,Huechuraba,116377.0,4977.0,0.04276557208513348,0.01460415338909637,0.07092699078117058,Sí,Directa y Sintética (Fay-Herriot)
13108,Metropolitana,Independencia,150807.0,8798.0,0.0583398308206952,0.02322468610012406,0.09345497554126633,Sí,Directa y Sintética (Fay-Herriot)
13109,Metropolitana,La Cisterna,101315.0,4146.0,0.04092312857712747,0.01631316151615744,0.0655330956380975,Sí,Directa y Sintética (Fay-Herriot)
13110,Metropolitana,La Florida,406402.0,14346.0,0.03529903004289563,0.01658344214696651,0.05401461793882475,Sí,Directa y Sintética (Fay-Herriot)
13111,Metropolitana,La Granja,120772.0,7283.0,0.06030167960083704,0.02834047079183522,0.09226288840983887,Sí,Directa y Sintética (Fay-Herriot)
13112,Metropolitana,La Pintana,189224.0,17586.0,0.09293843186111617,0.0606160170973024,0.1252608466249299,Sí,Directa y Sintética (Fay-Herriot)
13113,Metropolitana,La Reina,99946.0,1602.0,0.01602711747203892,0.0002124173112577898,0.03184181763282005,Sí,Directa y Sintética (Fay-Herriot)
13114,Metropolitana,Las Condes,339547.0,3088.0,0.009093252219182184,0.0,0.02198203089396757,Sí,Directa y Sintética (Fay-Herriot)
13115,Metropolitana,Lo Barnechea,128997.0,1165.0,0.009028313249676453,0.0,0.02240583153825667,Sí,Directa y Sintética (Fay-Herriot)
13116,Metropolitana,Lo Espejo,102145.0,6927.0,0.067816947929765,0.02886224541962142,0.1067716504399086,Sí,Directa y Sintética (Fay-Herriot)
13117,Metropolitana,Lo Prado,103390.0,5507.0,0.05326684737949042,0.02087189735701343,0.0856617974019674,Sí,Directa y Sintética (Fay-Herriot)
13118,Metropolitana,Macul,137336.0,4772.0,0.03474735460906117,0.01105469062962618,0.05844001858849616,Sí,Directa y Sintética (Fay-Herriot)
13119,Metropolitana,Maipú,585951.0,19051.0,0.03251240739781768,0.01672289293515045,0.04830192186048492,Sí,Directa y Sintética (Fay-Herriot)
13120,Metropolitana,Ñuñoa,261138.0,3888.0,0.01488843954831383,0.0009518860411394658,0.02882499305548819,Sí,Directa y Sintética (Fay-Herriot)
13121,Metropolitana,Pedro Aguirre Cerda,106065.0,5805.0,0.05473172882253488,0.02491512007028301,0.08454833757478675,Sí,Directa y Sintética (Fay-Herriot)
13122,Metropolitana,Peñalolén,271089.0,8788.0,0.03241671332301811,0.009643205050035079,0.05519022159600113,Sí,Directa y Sintética (Fay-Herriot)
13123,Metropolitana,Providencia,162013.0,2142.0,0.01321907454820707,0.0,0.02769214158533613,Sí,Directa y Sintética (Fay-Herriot)
13124,Metropolitana,Pudahuel,259195.0,11317.0,0.04366049437083934,0.0201103452972619,0.06721064344441678,Sí,Directa y Sintética (Fay-Herriot)
13125,Metropolitana,Quilicura,268706.0,14033.0,0.05222290357877869,0.0257750232617973,0.07867078389576007,Sí,Directa y Sintética (Fay-Herriot)
13126,Metropolitana,Quinta Normal,140381.0,3017.0,0.02149306262533348,0.001612883539216972,0.04137324171144999,Sí,Directa y Sintética (Fay-Herriot)
13127,Metropolitana,Recoleta,195514.0,10048.0,0.05139075533829257,0.02182977221342387,0.08095173846316128,Sí,Directa y Sintética (Fay-Herriot)
13128,Metropolitana,Renca,162638.0,8555.0,0.05259981245097571,0.02182082841131838,0.08337879649063304,Sí,Directa y Sintética (Fay-Herriot)
13129,Metropolitana,San Joaquín,103586.0,5013.0,0.0483953477287964,0.02122633517879712,0.07556436027879568,Sí,Directa y Sintética (Fay-Herriot)
13130,Metropolitana,San Miguel,140870.0,3061.0,0.02172713863999223,0.002159621799851803,0.04129465548013265,Sí,Directa y Sintética (Fay-Herriot)
13131,Metropolitana,San Ramón,84926.0,5845.0,0.0688212635197568,0.0311773458774738,0.1064651811620398,Sí,Directa y Sintética (Fay-Herriot)
13132,Metropolitana,Vitacura,97546.0,869.0,0.008910462349418486,0.0,0.02527839947513168,Sí,Directa y Sintética (Fay-Herriot)
13201,Metropolitana,Puente Alto,661900.0,33344.0,0.05037591991445491,0.03111469980230841,0.0696371400266014,Sí,Directa y Sintética (Fay-Herriot)
13202,Metropolitana,Pirque,32041.0,879.0,0.0274316427999483,0.00445636622777815,0.05040691937211846,Sí,Directa y Sintética (Fay-Herriot)
13203,Metropolitana,San José De Maipo,19211.0,901.0,0.04689598567114111,0.02025994251315377,0.07353202882912846,Sí,Directa y Sintética (Fay-Herriot)
13301,Metropolitana,Colina,191338.0,9775.0,0.05108815662595628,0.01950440294301878,0.08267191030889377,Sí,Directa y Sintética (Fay-Herriot)
13302,Metropolitana,Lampa,137016.0,6779.0,0.04947952348252533,0.01930213774882851,0.07965690921622215,Sí,Directa y Sintética (Fay-Herriot)
13303,Metropolitana,Tiltil,22110.0,1339.0,0.06056984286123209,0.02792871968016581,0.09321096604229837,Sí,Directa y Sintética (Fay-Herriot)
13401,Metropolitana,San Bernardo,343570.0,20568.0,0.05986493034340202,0.03590051781627022,0.08382934287053381,Sí,Directa y Sintética (Fay-Herriot)
13402,Metropolitana,Buin,114827.0,5107.0,0.04447211428019435,0.01763641462412652,0.07130781393626218,Sí,Directa y Sintética (Fay-Herriot)
13403,Metropolitana,Calera De Tango,29640.0,1033.0,0.0348457722236984,0.003237447257535456,0.06645409718986134,Sí,Sintética
13404,Metropolitana,Paine,86258.0,5059.0,0.05865172168423877,0.02362586180016163,0.0936775815683159,Sí,Directa y Sintética (Fay-Herriot)
13501,Metropolitana,Melipilla,146241.0,11073.0,0.07571759130661093,0.04114088135796114,0.1102943012552607,Sí,Directa y Sintética (Fay-Herriot)
13502,Metropolitana,Alhué,7691.0,739.0,0.09612156911785098,0.05886223309454344,0.1333809051411585,Sí,Directa y Sintética (Fay-Herriot)
13503,Metropolitana,Curacaví,37653.0,2258.0,0.05996458962717061,0.02532092632793905,0.09460825292640218,Sí,Sintética
13504,Metropolitana,María Pinto,15382.0,1125.0,0.07313724231518924,0.03683059216055757,0.1094438924698209,Sí,Directa y Sintética (Fay-Herriot)
13505,Metropolitana,San Pedro,12336.0,1739.0,0.1409629534176342,0.0829690569056863,0.1989568499295821,Sí,Sintética
13601,Metropolitana,Talagante,84153.0,5268.0,0.06260472900926935,0.03162741189196751,0.09358204612657117,Sí,Directa y Sintética (Fay-Herriot)
13602,Metropolitana,El Monte,41392.0,2929.0,0.07076505082053658,0.03116518220528618,0.110364919435787,Sí,Sintética
13603,Metropolitana,Isla De Maipo,41550.0,2668.0,0.06421486711607165,0.025781010390648,0.1026487238414953,Sí,Sintética
13604,Metropolitana,Padre Hurtado,78847.0,2882.0,0.03655584922106305,0.005050160562729063,0.06806153787939703,Sí,Directa y Sintética (Fay-Herriot)
13605,Metropolitana,Peñaflor,104684.0,7672.0,0.07328609476344701,0.03968529946371672,0.1068868900631773,Sí,Directa y Sintética (Fay-Herriot)
14101,Los Ríos,Valdivia,180022.0,6170.0,0.03427153340337798,0.0268972268617336,0.04164583994502236,Sí,Directa y Sintética (Fay-Herriot)
14102,Los Ríos,Corral,5427.0,412.0,0.07590002571204192,0.02829431935034336,0.1235057320737405,Sí,Sintética
14103,Los Ríos,Lanco,17906.0,705.0,0.03936703602337878,0.01765006410415534,0.06108400794260221,Sí,Directa y Sintética (Fay-Herriot)
14104,Los Ríos,Los Lagos,20525.0,1382.0,0.06734383166378613,0.04023849289165898,0.09444917043591328,Sí,Directa y Sintética (Fay-Herriot)
14105,Los Ríos,Máfil,7387.0,529.0,0.07160232668735984,0.04303607827711758,0.1001685750976021,Sí,Directa y Sintética (Fay-Herriot)
14106,Los Ríos,Mariquina,23720.0,1863.0,0.07853280025599274,0.05156865849410237,0.1054969420178831,Sí,Directa y Sintética (Fay-Herriot)
14107,Los Ríos,Paillaco,20889.0,1343.0,0.06430781984936271,0.04216072433072256,0.08645491536800284,Sí,Directa y Sintética (Fay-Herriot)
14108,Los Ríos,Panguipulli,36145.0,3686.0,0.1019868755754151,0.07859761606387375,0.1253761350869564,Sí,Directa y Sintética (Fay-Herriot)
14201,Los Ríos,La Unión,39640.0,3431.0,0.08654895810147722,0.06929003058254346,0.103807885620411,Sí,Directa y Sintética (Fay-Herriot)
14202,Los Ríos,Futrono,15228.0,1418.0,0.09314674753172754,0.06502665504506464,0.1212668400183904,Sí,Directa y Sintética (Fay-Herriot)
14203,Los Ríos,Lago Ranco,10287.0,1273.0,0.1237322296459419,0.066461544865412,0.1810029144264718,Sí,Sintética
14204,Los Ríos,Río Bueno,32950.0,1885.0,0.05719854029049724,0.03733956811659201,0.07705751246440248,Sí,Directa y Sintética (Fay-Herriot)
15101,Arica y Parinacota,Arica,253909.0,23195.0,0.09135003106037655,0.08097053492202108,0.101729527198732,Sí,Directa y Sintética (Fay-Herriot)
15102,Arica y Parinacota,Camarones,1242.0,156.0,0.1258451737359476,0.05284672513244341,0.1988436223394519,Sí,Sintética
15201,Arica y Parinacota,Putre,2152.0,158.0,0.07345577825952668,0.009195362256248854,0.1377161942628045,Sí,Sintética
15202,Arica y Parinacota,General Lagos,668.0,142.0,0.212383442279538,0.1114254692130844,0.3133414153459915,Sí,Sintética
16101,Ñuble,Chillán,202038.0,21239.0,0.1051217978621383,0.08828746325869134,0.1219561324655853,Sí,Directa y Sintética (Fay-Herriot)
16102,Ñuble,Bulnes,22711.0,2894.0,0.1274120374413699,0.09037587813647639,0.1644481967462634,Sí,Directa y Sintética (Fay-Herriot)
16103,Ñuble,Chillán Viejo,34933.0,2985.0,0.08546019802774647,0.05476452296641842,0.1161558730890745,Sí,Directa y Sintética (Fay-Herriot)
16104,Ñuble,El Carmen,12263.0,1830.0,0.1492478148913714,0.09621780596041941,0.2022778238223234,Sí,Directa y Sintética (Fay-Herriot)
16105,Ñuble,Pemuco,8605.0,1636.0,0.1901762109141105,0.1454646800711226,0.2348877417570985,Sí,Directa y Sintética (Fay-Herriot)
16106,Ñuble,Pinto,12064.0,1239.0,0.1026716429003472,0.05791005927338682,0.1474332265273077,Sí,Directa y Sintética (Fay-Herriot)
16107,Ñuble,Quillón,19102.0,3050.0,0.159685311127159,0.120567086199443,0.1988035360548751,Sí,Directa y Sintética (Fay-Herriot)
16108,Ñuble,San Ignacio,16621.0,2616.0,0.1573774854850437,0.1077351333965701,0.2070198375735173,Sí,Directa y Sintética (Fay-Herriot)
16109,Ñuble,Yungay,18748.0,2031.0,0.1083309460468144,0.07164974559362325,0.1450121465000055,Sí,Directa y Sintética (Fay-Herriot)
16201,Ñuble,Quirihue,12228.0,950.0,0.07766195598490269,0.03982445304033678,0.1154994589294686,Sí,Directa y Sintética (Fay-Herriot)
16202,Ñuble,Cobquecura,5248.0,1000.0,0.1905337466302314,0.1221142397768714,0.2589532534835913,Sí,Sintética
16203,Ñuble,Coelemu,16888.0,2203.0,0.1304629702648099,0.08784515446377779,0.173080786065842,Sí,Directa y Sintética (Fay-Herriot)
16204,Ñuble,Ninhue,5377.0,867.0,0.1612982869088716,0.1016998279729627,0.2208967458447804,Sí,Sintética
16205,Ñuble,Portezuelo,4899.0,740.0,0.1511123302857005,0.09309601839476783,0.2091286421766332,Sí,Sintética
16206,Ñuble,Ránquil,6285.0,1054.0,0.1677266580250115,0.1213494734845233,0.2141038425654997,Sí,Directa y Sintética (Fay-Herriot)
16207,Ñuble,Treguaco,5747.0,985.0,0.1714588534791126,0.1079407866986631,0.2349769202595621,Sí,Sintética
16301,Ñuble,San Carlos,56782.0,7775.0,0.1369243569248478,0.103947176022058,0.1699015378276376,Sí,Directa y Sintética (Fay-Herriot)
16302,Ñuble,Coihueco,28817.0,3887.0,0.1348855952670668,0.09217503901779696,0.1775961515163367,Sí,Directa y Sintética (Fay-Herriot)
16303,Ñuble,Ñiquén,11543.0,1598.0,0.1384196963915372,0.09054473118958745,0.186294661593487,Sí,Directa y Sintética (Fay-Herriot)
16304,Ñuble,San Fabián,4738.0,709.0,0.1495704128715382,0.10002625478281,0.1991145709602664,Sí,Directa y Sintética (Fay-Herriot)
16305,Ñuble,San Nicolás,12365.0,1333.0,0.1077681430225962,0.06114581183614375,0.1543904742090486,Sí,Directa y Sintética (Fay-Herriot)
,,,,,,,,,
"La metodología de áreas pequeñas busca realizar estimaciones a nivel comunal, ya que Casen no está diseñada para obtener estimaciones de calidad adecuada a ese nivel de desagregación. Para estimaciones a nivel regional y nacional, se deben utilizar las estadísticas oficiales publicadas a partir de Casen (https://observatorio.ministeriodesarrollosocial.gob.cl/encuesta-casen-2022). De todas formas se recomienda tomar en consideración los intervalos de confianza elaborados, ya que la metodología SAE entrega estimaciones de pobreza comunal que están sujetas a errores de estimación.",,,,,,,,,
(*) Proyecciones de población comunal en viviendas particulares al 30 de noviembre de 2022 según el Censo de Población y Vivienda 2017.,,,,,,,,,
(**) Este número se obtiene de multiplicar las proyecciones de población de cada comuna por su respectiva estimación de pobreza comunal según la metodología de áreas pequeñas.,,,,,,,,,
"(***) Los intervalos de confianza que arroja la metodología cuyo límite inferior es negativo, han sido truncados en cero.",,,,,,,,,
"(****) Las estimaciones para área pequeña asignan una estimación de pobreza para todas las comunas del país. En el caso de comunas sin presencia en Casen o con presencia en Casen pero que no cumplen los criterios de inclusión, se asigna como tasa de pobreza SAE la estimación sintética. El resto de las comunas tiene una tasa de pobreza SAE que pondera las estimación directa de Casen y sintética, conocidas como estimaciones Fay-Herriot. ",,,,,,,,,
